,PAM Index,Variant ID,Variant Position,strand,start,end,Ref. Frameshift,Alt. Frameshift,Ref. and Alt. Sequences,Exonic Region,FS Variant Effect
1425,4,rs919662146,31591931,+,31591904,31591964,79.0,80.5,GGCTTCTCATCGTCTGCTCCTCCTCTGCCTTGCTGGACTGGTATTTGTGTCTGAGGCTGGGGCTTCTCATCGTCTGCTCCTCCTCTACCTTGCTGGACTGGTATTTGTGTCTGAGGCTGG,E1,1.5
1307,5,rs773903339,31591935,-,31591907,31591967,91.0,91.5,GGGCCAGCCTCAGACACAAATACCAGTCCAGCAAGGCAGAGGAGGAGCAGACGATGAGAAGGGCCAGCCTCAGACACAAATACCAGTCCAGCGAGGCAGAGGAGGAGCAGACGATGAGAA,E1,0.5
1103,7,rs752579437,31591971,+,31591924,31591984,85.1,86.3,TCCTCTGCCTTGCTGGACTGGTATTTGTGTCTGAGGCTGGCCCTACGGTGAGTGTTTCTGTCCTCTGCCTTGCTGGACTGGTATTTGTGTCTGAGGCTGGCCCTACAGTGAGTGTTTCTG,E1,1.2000000000000028
1101,8,rs752579437,31591971,+,31591928,31591988,77.4,82.1,CTGCCTTGCTGGACTGGTATTTGTGTCTGAGGCTGGCCCTACGGTGAGTGTTTCTGTGACCTGCCTTGCTGGACTGGTATTTGTGTCTGAGGCTGGCCCTACAGTGAGTGTTTCTGTGAC,E1,4.699999999999989
486,14,rs1313375879,31592909,+,31592890,31592950,79.5,80.6,CCCAGGGCACCGGTGAATCCAAGTGTCCTCTGATGGTCAAAGTTCTAGATGCTGTCCGAGCCCAGGGCACCGGTGAATACAAGTGTCCTCTGATGGTCAAAGTTCTAGATGCTGTCCGAG,E2,1.0999999999999943
1227,15,rs768273993,31592924,-,31592892,31592952,83.5,87.1,GCCTCGGACAGCATCTAGAACTTTGACCATCAGAGGACACTTGGATTCACCGGTGCCCTGGCCTCGGACAGCATCTAGAACTTTGACCGTCAGAGGACACTTGGATTCACCGGTGCCCTG,E2,3.5999999999999943
81,16,rs11541790,31592956,+,31592915,31592975,86.19999999999999,88.2,TCCTCTGATGGTCAAAGTTCTAGATGCTGTCCGAGGCAGTCCTGCCATCAATGTGGCCGTTCCTCTGATGGTCAAAGTTCTAGATGCTGTCCGAGGCAGTTCTGCCATCAATGTGGCCGT,E2,2.000000000000014
12,17,rs104894664,31592959,-,31592921,31592981,77.6,79.8,ACATGCACGGCCACATTGATGGCAGGACTGCCTCGGACAGCATCTAGAACTTTGACCATCACATGCACGGCCACATTGATGGTAGGACTGCCTCGGACAGCATCTAGAACTTTGACCATC,E2,2.200000000000003
1055,18,rs748604974,31592951,-,31592931,31592991,83.3,85.19999999999999,CTTTCTGAACACATGCACGGCCACATTGATGGCAGGACTGCCTCGGACAGCATCTAGAACCTTTCTGAACACATGCACGGCCACATTGATGGCAGGACTGTCTCGGACAGCATCTAGAAC,E2,1.8999999999999915
589,19,rs1381337412,31592978,-,31592935,31592995,77.80000000000001,81.1,CAGCCTTTCTGAACACATGCACGGCCACATTGATGGCAGGACTGCCTCGGACAGCATCTACAGCCTTTCTGAACACAGGCACGGCCACATTGATGGCAGGACTGCCTCGGACAGCATCTA,E2,3.299999999999983
559,20,rs1372138288,31592952,+,31592935,31592995,82.3,84.3,TAGATGCTGTCCGAGGCAGTCCTGCCATCAATGTGGCCGTGCATGTGTTCAGAAAGGCTGTAGATGCTGTCCGAGGAAGTCCTGCCATCAATGTGGCCGTGCATGTGTTCAGAAAGGCTG,E2,2.0
1277,21,rs772568976,31592961,-,31592947,31593007,85.60000000000001,87.4,AGGTGTCATCAGCAGCCTTTCTGAACACATGCACGGCCACATTGATGGCAGGACTGCCTCAGGTGTCATCAGCAGCCTTTCTGAACACATGCACGGCCACATTGATAGCAGGACTGCCTC,E2,1.7999999999999972
597,22,rs1383024636,31592970,+,31592956,31593016,89.2,90.8,CTGCCATCAATGTGGCCGTGCATGTGTTCAGAAAGGCTGCTGATGACACCTGGGAGCCATCTGCCATCAATGTCGCCGTGCATGTGTTCAGAAAGGCTGCTGATGACACCTGGGAGCCAT,E2,1.5999999999999943
938,25,rs571695233,31593021,-,31592980,31593040,78.7,80.7,CTTTGGCAACTTACCCAGAGGCAAATGGCTCCCAGGTGTCATCAGCAGCCTTTCTGAACACTTTGGCAACTTACCCAGACGCAAATGGCTCCCAGGTGTCATCAGCAGCCTTTCTGAACA,E2,2.0
639,29,rs1400841714,31595144,-,31595100,31595160,80.8,81.9,CAGTTGTGAGCCCATGCAGCTCTCCAGACTCACTGGTTTTCCTATAAGGTGTGAAAGTCTCAGTTGTGAGCCCATGTAGCTCTCCAGACTCACTGGTTTTCCTATAAGGTGTGAAAGTCT,E3,1.1000000000000085
946,30,rs577168116,31595134,+,31595101,31595161,76.8,79.6,GACTTTCACACCTTATAGGAAAACCAGTGAGTCTGGAGAGCTGCATGGGCTCACAACTGAGACTTTCACACCTTATAGGAAAACCAGTGAGTATGGAGAGCTGCATGGGCTCACAACTGA,E3,2.799999999999997
729,31,rs1464033799,31595147,+,31595113,31595173,87.0,89.10000000000001,TTATAGGAAAACCAGTGAGTCTGGAGAGCTGCATGGGCTCACAACTGAGGAGGAATTTGTTTATAGGAAAACCAGTGAGTCTGGAGAGCTGCACGGGCTCACAACTGAGGAGGAATTTGT,E3,2.1000000000000085
386,33,rs121918099,31595170,+,31595127,31595187,81.1,85.80000000000001,GTGAGTCTGGAGAGCTGCATGGGCTCACAACTGAGGAGGAATTTGTAGAAGGGATATACAGTGAGTCTGGAGAGCTGCATGGGCTCACAACTGAGGAGGAATCTGTAGAAGGGATATACA,E3,4.700000000000017
281,34,rs121918086,31595160,+,31595130,31595190,77.3,80.19999999999999,AGTCTGGAGAGCTGCATGGGCTCACAACTGAGGAGGAATTTGTAGAAGGGATATACAAAGAGTCTGGAGAGCTGCATGGGCTCACAACTAAGGAGGAATTTGTAGAAGGGATATACAAAG,E3,2.8999999999999915
268,37,rs121918084,31595191,+,31595157,31595217,85.6,88.0,CTGAGGAGGAATTTGTAGAAGGGATATACAAAGTGGAAATAGACACCAAATCTTACTGGACTGAGGAGGAATTTGTAGAAGGGATATACAAAGCGGAAATAGACACCAAATCTTACTGGA,E3,2.4000000000000057
976,39,rs730881164,31595199,+,31595180,31595240,76.5,77.0,ATATACAAAGTGGAAATAGACACCAAATCTTACTGGAAGGCACTTGGCATCTCCCCATTCATATACAAAGTGGAAATACACACCAAATCTTACTGGAAGGCACTTGGCATCTCCCCATTC,E3,0.5
185,40,rs121918071,31595209,+,31595184,31595244,83.69999999999999,86.0,ACAAAGTGGAAATAGACACCAAATCTTACTGGAAGGCACTTGGCATCTCCCCATTCCATGACAAAGTGGAAATAGACACCAAATATTACTGGAAGGCACTTGGCATCTCCCCATTCCATG,E3,2.3000000000000114
468,41,rs1291187509,31595231,+,31595191,31595251,78.5,80.80000000000001,GGAAATAGACACCAAATCTTACTGGAAGGCACTTGGCATCTCCCCATTCCATGAGCATGCGGAAATAGACACCAAATCTTACTGGAAGGCACTTGGCATTTCCCCATTCCATGAGCATGC,E3,2.3000000000000114
258,42,rs121918082,31595244,-,31595208,31595268,78.69999999999999,80.1,TCTGTATACTCACCTCTGCATGCTCATGGAATGGGGAGATGCCAAGTGCCTTCCAGTAAGTCTGTATACTCACCTCTGCATGCTGATGGAATGGGGAGATGCCAAGTGCCTTCCAGTAAG,E3,1.4000000000000057
259,44,rs121918082,31595244,-,31595210,31595270,76.1,77.5,GGTCTGTATACTCACCTCTGCATGCTCATGGAATGGGGAGATGCCAAGTGCCTTCCAGTAGGTCTGTATACTCACCTCTGCATGCTGATGGAATGGGGAGATGCCAAGTGCCTTCCAGTA,E3,1.4000000000000057
299,56,rs121918088,31598631,-,31598589,31598649,88.7,90.6,CCGTGGTGGAATAGGAGTAGGGGCTCAGCAGGGCGGCAATGGTGTAGCGGCGGGGGCCGGCCGTGGTGGAATAGGAGTGGGGGCTCAGCAGGGCGGCAATGGTGTAGCGGCGGGGGCCGG,E4,1.8999999999999915
64,57,rs11541785,31598629,-,31598592,31598652,91.60000000000001,92.3,CAGCCGTGGTGGAATAGGAGTAGGGGCTCAGCAGGGCGGCAATGGTGTAGCGGCGGGGGCCAGCCGTGGTGGAATAGGAGTAGAGGCTCAGCAGGGCGGCAATGGTGTAGCGGCGGGGGC,E4,0.6999999999999886
298,58,rs121918088,31598631,-,31598593,31598653,81.9,86.5,ACAGCCGTGGTGGAATAGGAGTAGGGGCTCAGCAGGGCGGCAATGGTGTAGCGGCGGGGGACAGCCGTGGTGGAATAGGAGTGGGGGCTCAGCAGGGCGGCAATGGTGTAGCGGCGGGGG,E4,4.599999999999994
1210,63,rs766909913,31598637,+,31598613,31598673,76.69999999999999,78.69999999999999,CCGCCCTGCTGAGCCCCTACTCCTATTCCACCACGGCTGTCGTCACCAATCCCAAGGAATCCGCCCTGCTGAGCCCCTACTCCCATTCCACCACGGCTGTCGTCACCAATCCCAAGGAAT,E4,2.0
1406,66,rs876658108,31598649,+,31598634,31598694,77.7,78.2,CCTATTCCACCACGGCTGTCGTCACCAATCCCAAGGAATGAGGGACTTCTCCTCCAGTGGCCTATTCCACCACGTCTGTCGTCACCAATCCCAAGGAATGAGGGACTTCTCCTCCAGTGG,E4,0.5
458,69,rs1269882546,31598676,-,31598640,31598700,76.0,76.8,TCAGGTCCACTGGAGGAGAAGTCCCTCATTCCTTGGGATTGGTGACGACAGCCGTGGTGGTCAGGTCCACTGGAGGAGAAGTCCTTCATTCCTTGGGATTGGTGACGACAGCCGTGGTGG,E4,0.7999999999999972
