,Variant ID,Variant Position,Ref. Allele,Alt. Allele,PAM ID,PAM Range,Max Variant Effect (%),Ref. 1bp Insertion (%),Ref. 1bp Frameshift (%),Ref. 2bp Frameshift (%),Alt. 1bp Insertion (%),Alt. 1bp Frameshift (%),Alt. 2bp Frameshift (%),Ref. and Alt. Sequences,Alt. PAM
18,rs1012555381,51225888,C,T,CD33|89,- : 51225862 - 51225922,7.8,23.7,56.4,25.8,16.8,48.7,29.7,ACCAGGAGAAGATCGGGGGTGTTCCCTGCTCACAGGCCCAGGACACAGAGCAGGTCAGGTACCAGGAGAAGATCGGGGGTGTTCCCTGCTCACAAGCCCAGGACACAGAGCAGGTCAGGT,AAG
31,rs1012632619,51235697,G,A,CD33|177,+ : 51235661 - 51235721,8.8,29.7,50.3,29.9,25.6,42.8,38.8,GGGTCAGCCTCCCCGGTGAGTGATGGGGCATCCTGGCATCCAGTCTGTCCTGCAGACACCGGGTCAGCCTCCCCGGTGAGTGATGGGGCATCCTGACATCCAGTCTGTCCTGCAGACACC,TGA
44,rs1015533237,51235751,C,T,CD33|191,- : 51235725 - 51235785,12.6,58.9,74.1,14.6,46.2,65.4,19.3,AAAGACAATAAGCTCAGTTCTGGAAATGCTGAATGGGGCATGACGGTGGGCCACATTGGGAAAGACAATAAGCTCAGTTCTGGAAATGCTGAATAGGGCATGACGGTGGGCCACATTGGG,TAG
56,rs1017758348,51225231,G,A,CD33|8,+ : 51225196 - 51225256,7.4,2.4,32.3,32.8,4.4,39.7,31.7,CTGACCCTCGTTTCCCCACAGGGGCCCTGGCTATGGATCCAAATTTCTGGCTGCAAGTGCCTGACCCTCGTTTCCCCACAGGGGCCCTGGCTATAGATCCAAATTTCTGGCTGCAAGTGC,TAG
83,rs1046762848,51235724,C,T,CD33|182,- : 51235698 - 51235758,10.6,12.0,33.9,47.3,9.1,27.1,57.9,GCTGAATGGGGCATGACGGTGGGCCACATTGGGAGGAGGTGTCTGCAGGACAGACTGGATGCTGAATGGGGCATGACGGTGGGCCACATTGGGAAGAGGTGTCTGCAGGACAGACTGGAT,AAG
108,rs1051199,51235640,G,C,CD33|161,+ : 51235604 - 51235664,2.6,1.7,19.3,68.6,2.8,17.8,71.2,CACAGGAGGAAAGCAGCCAGGACAGCAGTGGGCAGGAATGACACCCACCCTACCACAGGGCACAGGAGGAAAGCAGCCAGGACAGCAGTGGGCAGCAATGACACCCACCCTACCACAGGG,AGC
120,rs111722079,51235676,G,A,CD33|169,+ : 51235641 - 51235701,6.4,16.9,43.6,32.8,12.0,38.9,30.2,ATGACACCCACCCTACCACAGGGTCAGCCTCCCCGGTGAGTGATGGGGCATCCTGGCATCATGACACCCACCCTACCACAGGGTCAGCCTCCCCAGTGAGTGATGGGGCATCCTGGCATC,CAG
231,rs1171242477,51239673,G,A,CD33|218,+ : 51239638 - 51239698,13.9,39.9,58.8,23.7,26.0,50.1,28.8,ATCCTTCCAAGGACACCTCCACCGAATACTCAGAGGTCAGGACCCAGTGAGGAACCCACAATCCTTCCAAGGACACCTCCACCGAATACTCAGAAGTCAGGACCCAGTGAGGAACCCACA,AAG
254,rs1177614704,51235194,C,T,CD33|148,- : 51235168 - 51235228,3.9,3.2,25.1,31.5,6.7,27.9,31.3,GAGCGAGCAGGGCTGTAACACCAGCTCCTCCAATGGCCCCATGAACCACTCCTGCTCTGGGAGCGAGCAGGGCTGTAACACCAGCTCCTCCAATAGCCCCATGAACCACTCCTGCTCTGG,TAG
287,rs1182756821,51225151,G,T,CD33|5,+ : 51225116 - 51225176,7.0,11.2,34.4,33.2,18.1,39.7,33.6,ACATGCCGCTGCTGCTACTGCTGCCCCTGCTGTGGGCAGGTGAGTGGCTGTGGGGAGAGGACATGCCGCTGCTGCTACTGCTGCCCCTGCTGTGTGCAGGTGAGTGGCTGTGGGGAGAGG,GTG
290,rs1182756821,51225151,G,T,CD33|3,+ : 51225115 - 51225175,3.0,2.4,29.2,36.1,4.4,30.8,37.2,GACATGCCGCTGCTGCTACTGCTGCCCCTGCTGTGGGCAGGTGAGTGGCTGTGGGGAGAGGACATGCCGCTGCTGCTACTGCTGCCCCTGCTGTGTGCAGGTGAGTGGCTGTGGGGAGAG,TGT
301,rs1186572602,51235737,C,G,CD33|187,- : 51235712 - 51235772,9.4,16.9,39.8,34.7,14.7,36.9,44.1,TCAGTTCTGGAAATGCTGAATGGGGCATGACGGTGGGCCACATTGGGAGGAGGTGTCTGCTCAGTTCTGGAAATGCTGAATGGGGCATGACGGTGCGCCACATTGGGAGGAGGTGTCTGC,TGC
302,rs1186572602,51235737,C,G,CD33|186,- : 51235711 - 51235771,8.7,14.0,38.0,31.3,16.0,39.5,38.7,CAGTTCTGGAAATGCTGAATGGGGCATGACGGTGGGCCACATTGGGAGGAGGTGTCTGCACAGTTCTGGAAATGCTGAATGGGGCATGACGGTGCGCCACATTGGGAGGAGGTGTCTGCA,GCG
319,rs1186628995,51225343,C,T,CD33|27,- : 51225317 - 51225377,7.4,8.3,34.8,41.9,13.9,42.1,36.0,ATGGCTCCTTCCCGGAACCAGTAACCATGAACTGGGGAGTTCTTGTCGTAGTAGGGTATGATGGCTCCTTCCCGGAACCAGTAACCATGAACTGAGGAGTTCTTGTCGTAGTAGGGTATG,GAG
322,rs1186628995,51225343,C,T,CD33|29,- : 51225318 - 51225378,3.1,2.2,36.6,35.4,4.3,38.3,35.4,AATGGCTCCTTCCCGGAACCAGTAACCATGAACTGGGGAGTTCTTGTCGTAGTAGGGTATAATGGCTCCTTCCCGGAACCAGTAACCATGAACTGAGGAGTTCTTGTCGTAGTAGGGTAT,TGA
351,rs1189704947,51225906,C,T,CD33|94,- : 51225881 - 51225941,6.7,4.5,43.7,28.5,11.2,45.0,30.4,GAGGTGGGGGCAGCTGACAACCAGGAGAAGATCGGGGGTGTTCCCTGCTCACAGGCCCAGGAGGTGGGGGCAGCTGACAACCAGGAGAAGATCGGAGGTGTTCCCTGCTCACAGGCCCAG,GGA
355,rs1189704947,51225906,C,T,CD33|93,- : 51225880 - 51225940,4.4,20.7,47.3,29.5,25.1,51.0,29.6,AGGTGGGGGCAGCTGACAACCAGGAGAAGATCGGGGGTGTTCCCTGCTCACAGGCCCAGGAGGTGGGGGCAGCTGACAACCAGGAGAAGATCGGAGGTGTTCCCTGCTCACAGGCCCAGG,GAG
405,rs1215977648,51225402,C,T,CD33|41,- : 51225376 - 51225436,9.2,27.0,48.6,31.0,17.9,41.8,34.0,TCTCCTCCTGTACTTCTTGATCTAGCTTGTTTGTGGCCACTGGAGAGTCCCTGGATATAATCTCCTCCTGTACTTCTTGATCTAGCTTGTTTGTAGCCACTGGAGAGTCCCTGGATATAA,TAG
425,rs1218310790,51225948,C,A,CD33|108,- : 51225923 - 51225983,2.6,2.7,35.1,39.0,4.7,35.5,38.2,GTGATTATGAGCACCGAGGAGTGAGTAGTCCTGGGGCCCAGGGAGGTGGGGGCAGCTGACGTGATTATGAGCACCGAGGAGTGAGTAGTCCTGGGTCCCAGGGAGGTGGGGGCAGCTGAC,GGT
434,rs1219035730,51225386,G,C,CD33|36,+ : 51225351 - 51225411,3.9,3.6,45.3,28.8,6.9,43.3,31.6,GGTTACTGGTTCCGGGAAGGAGCCATTATATCCAGGGACTCTCCAGTGGCCACAAACAAGGGTTACTGGTTCCGGGAAGGAGCCATTATATCCACGGACTCTCCAGTGGCCACAAACAAG,ACG
461,rs1239018657,51225225,G,T,CD33|7,+ : 51225190 - 51225250,2.4,1.7,39.5,33.1,2.6,42.0,31.4,GCCGAGCTGACCCTCGTTTCCCCACAGGGGCCCTGGCTATGGATCCAAATTTCTGGCTGCGCCGAGCTGACCCTCGTTTCCCCACAGGGGCCCTTGCTATGGATCCAAATTTCTGGCTGC,TTG
510,rs1249946369,51225815,G,C,CD33|70,+ : 51225780 - 51225840,7.3,6.2,31.5,40.0,13.4,36.2,34.8,ATCCCCTCTTTCTCCTCACTAGACTTGACCCACAGGCCCAAAATCCTCATCCCTGGCACTATCCCCTCTTTCTCCTCACTAGACTTGACCCACACGCCCAAAATCCTCATCCCTGGCACT,ACG
520,rs1253367941,51225433,G,A,CD33|43,+ : 51225397 - 51225457,3.0,21.3,51.5,24.5,19.5,54.5,24.4,TGGCCACAAACAAGCTAGATCAAGAAGTACAGGAGGAGACTCAGGGCAGATTCCGCCTCCTGGCCACAAACAAGCTAGATCAAGAAGTACAGGAGAAGACTCAGGGCAGATTCCGCCTCC,AGA
531,rs1253534094,51225370,G,A,CD33|33,+ : 51225335 - 51225395,2.7,3.8,40.7,39.0,6.6,39.2,40.6,GAACTCCCCAGTTCATGGTTACTGGTTCCGGGAAGGAGCCATTATATCCAGGGACTCTCCGAACTCCCCAGTTCATGGTTACTGGTTCCGGGAAAGAGCCATTATATCCAGGGACTCTCC,AAG
547,rs1253925210,51226054,G,A,CD33|129,+ : 51226018 - 51226078,1.8,13.9,38.9,28.4,13.4,37.6,28.1,GTCAGGTGAAGTTCGCTGGAGCTGGTGTGACTACGGAGAGAACCATCCAGCTCAACGTCAGTCAGGTGAAGTTCGCTGGAGCTGGTGTGACTACGAAGAGAACCATCCAGCTCAACGTCA,CGA
549,rs1255330231,51225450,C,T,CD33|46,- : 51225425 - 51225485,4.3,1.4,37.0,35.0,2.3,34.4,38.3,GAGCAGTTGTTCCTACTGGGATCCCCAAGGAGGCGGAATCTGCCCTGAGTCTCCTCCTGTGAGCAGTTGTTCCTACTGGGATCCCCAAGGAGGCGAAATCTGCCCTGAGTCTCCTCCTGT,CGA
563,rs1259086213,51225989,G,A,CD33|113,+ : 51225954 - 51226014,4.8,8.4,36.4,42.9,10.3,38.6,39.1,ACTACTCACTCCTCGGTGCTCATAATCACCCCACGGCCCCAGGACCACGGCACCAACCTGACTACTCACTCCTCGGTGCTCATAATCACCCCACAGCCCCAGGACCACGGCACCAACCTG,CAG
597,rs1264375726,51225317,C,T,CD33|22,- : 51225291 - 51225351,5.2,2.2,40.8,30.6,6.6,40.6,33.4,ATGAACTGGGGAGTTCTTGTCGTAGTAGGGTATGGGATGGAAGAAAGTGCAGGGCACGAGATGAACTGGGGAGTTCTTGTCGTAGTAGGGTATGAGATGGAAGAAAGTGCAGGGCACGAG,GAG
601,rs1264375726,51225317,C,T,CD33|23,- : 51225292 - 51225352,2.2,7.5,35.9,40.7,9.6,37.2,40.2,CATGAACTGGGGAGTTCTTGTCGTAGTAGGGTATGGGATGGAAGAAAGTGCAGGGCACGACATGAACTGGGGAGTTCTTGTCGTAGTAGGGTATGAGATGGAAGAAAGTGCAGGGCACGA,TGA
643,rs1269781032,51239549,C,G,CD33|197,- : 51239523 - 51239583,8.8,4.9,39.8,31.6,13.7,40.9,31.1,AGGGGCGGCACCTGAACAGCTTGAGGTTTCAGTGGGGCCATGTAACTTGGACTTCTTCTGAGGGGCGGCACCTGAACAGCTTGAGGTTTCAGTGCGGCCATGTAACTTGGACTTCTTCTG,GCG
648,rs1269781032,51239549,C,G,CD33|198,- : 51239524 - 51239584,1.1,16.1,42.6,32.1,16.2,42.0,31.7,TAGGGGCGGCACCTGAACAGCTTGAGGTTTCAGTGGGGCCATGTAACTTGGACTTCTTCTTAGGGGCGGCACCTGAACAGCTTGAGGTTTCAGTGCGGCCATGTAACTTGGACTTCTTCT,TGC
665,rs1274826359,51225983,C,T,CD33|114,- : 51225958 - 51226018,7.8,22.8,43.1,40.0,15.0,39.0,40.1,AGGTCAGGTTGGTGCCGTGGTCCTGGGGCCGTGGGGTGATTATGAGCACCGAGGAGTGAGAGGTCAGGTTGGTGCCGTGGTCCTGGGGCCGTGGGATGATTATGAGCACCGAGGAGTGAG,GGA
710,rs1275986733,51225947,G,A,CD33|103,+ : 51225911 - 51225971,5.3,1.3,33.1,45.2,2.7,36.1,39.9,CTTCTCCTGGTTGTCAGCTGCCCCCACCTCCCTGGGCCCCAGGACTACTCACTCCTCGGTCTTCTCCTGGTTGTCAGCTGCCCCCACCTCCCTGGACCCCAGGACTACTCACTCCTCGGT,GGA
777,rs1286649077,51235218,C,A,CD33|150,- : 51235192 - 51235252,16.5,49.4,64.1,20.3,32.9,53.9,25.6,TGAAGAAGATGAGGCAGAGACAAAGAGCGAGCAGGGCTGTAACACCAGCTCCTCCAATGGTGAAGAAGATGAGGCAGAGACAAAGAGCGAGCAGTGCTGTAACACCAGCTCCTCCAATGG,GTG
778,rs1286649077,51235218,C,A,CD33|151,- : 51235193 - 51235253,4.5,7.6,43.3,31.4,12.1,47.0,28.7,ATGAAGAAGATGAGGCAGAGACAAAGAGCGAGCAGGGCTGTAACACCAGCTCCTCCAATGATGAAGAAGATGAGGCAGAGACAAAGAGCGAGCAGTGCTGTAACACCAGCTCCTCCAATG,AGT
797,rs1295092119,51225811,C,A,CD33|72,- : 51225785 - 51225845,3.8,4.6,34.3,39.8,5.9,34.1,36.2,TCTAGAGTGCCAGGGATGAGGATTTTGGGCCTGTGGGTCAAGTCTAGTGAGGAGAAAGAGTCTAGAGTGCCAGGGATGAGGATTTTGGGCCTGTTGGTCAAGTCTAGTGAGGAGAAAGAG,TTG
813,rs1302403180,51225141,C,A,CD33|4,- : 51225116 - 51225176,14.8,57.7,67.1,17.1,42.9,58.2,22.4,CCTCTCCCCACAGCCACTCACCTGCCCACAGCAGGGGCAGCAGTAGCAGCAGCGGCATGTCCTCTCCCCACAGCCACTCACCTGCCCACAGCAGGTGCAGCAGTAGCAGCAGCGGCATGT,GGT
814,rs1302403180,51225141,C,A,CD33|2,- : 51225115 - 51225175,3.9,4.1,33.0,32.9,7.8,35.9,34.1,CTCTCCCCACAGCCACTCACCTGCCCACAGCAGGGGCAGCAGTAGCAGCAGCGGCATGTCCTCTCCCCACAGCCACTCACCTGCCCACAGCAGGTGCAGCAGTAGCAGCAGCGGCATGTC,GTG
834,rs1305472298,51225353,G,C,CD33|28,+ : 51225317 - 51225377,3.6,19.0,42.5,40.2,15.4,40.3,38.9,CATACCCTACTACGACAAGAACTCCCCAGTTCATGGTTACTGGTTCCGGGAAGGAGCCATCATACCCTACTACGACAAGAACTCCCCAGTTCATGCTTACTGGTTCCGGGAAGGAGCCAT,TGC
860,rs1309910951,51235688,G,A,CD33|175,+ : 51235652 - 51235712,17.5,45.4,63.9,19.8,27.9,50.6,28.5,CCTACCACAGGGTCAGCCTCCCCGGTGAGTGATGGGGCATCCTGGCATCCAGTCTGTCCTCCTACCACAGGGTCAGCCTCCCCGGTGAGTGATGGAGCATCCTGGCATCCAGTCTGTCCT,GGA
861,rs1309910951,51235688,G,A,CD33|176,+ : 51235653 - 51235713,7.6,3.2,41.0,31.7,10.8,40.3,33.5,CTACCACAGGGTCAGCCTCCCCGGTGAGTGATGGGGCATCCTGGCATCCAGTCTGTCCTGCTACCACAGGGTCAGCCTCCCCGGTGAGTGATGGAGCATCCTGGCATCCAGTCTGTCCTG,GAG
917,rs1326515954,51225487,C,G,CD33|56,- : 51225461 - 51225521,5.1,2.8,38.4,32.8,7.6,34.6,33.4,CCATTATCCCTCCTCCTGGCGTCTACGATGCTCAGGGAGCAGTTGTTCCTACTGGGATCCCCATTATCCCTCCTCCTGGCGTCTACGATGCTCACGGAGCAGTTGTTCCTACTGGGATCC,ACG
962,rs1330728381,51225897,G,A,CD33|90,+ : 51225862 - 51225922,5.1,4.0,47.7,32.4,9.0,49.2,31.1,ACCTGACCTGCTCTGTGTCCTGGGCCTGTGAGCAGGGAACACCCCCGATCTTCTCCTGGTACCTGACCTGCTCTGTGTCCTGGGCCTGTGAGCAAGGAACACCCCCGATCTTCTCCTGGT,AAG
999,rs1337715980,51235239,C,A,CD33|152,- : 51235214 - 51235274,4.5,6.7,49.4,23.2,11.1,45.7,24.1,TGACCCAGAGAAAATGCTCACATGAAGAAGATGAGGCAGAGACAAAGAGCGAGCAGGGCTTGACCCAGAGAAAATGCTCACATGAAGAAGATGAGTCAGAGACAAAGAGCGAGCAGGGCT,AGT
1072,rs1358865470,51235663,G,A,CD33|167,+ : 51235628 - 51235688,2.5,18.9,40.5,39.6,18.5,39.9,37.8,GCAGTGGGCAGGAATGACACCCACCCTACCACAGGGTCAGCCTCCCCGGTGAGTGATGGGGCAGTGGGCAGGAATGACACCCACCCTACCACAGAGTCAGCCTCCCCGGTGAGTGATGGG,GAG
1074,rs1358865470,51235663,G,A,CD33|165,+ : 51235627 - 51235687,1.4,2.7,34.0,39.3,3.8,34.1,38.0,AGCAGTGGGCAGGAATGACACCCACCCTACCACAGGGTCAGCCTCCCCGGTGAGTGATGGAGCAGTGGGCAGGAATGACACCCACCCTACCACAGAGTCAGCCTCCCCGGTGAGTGATGG,AGA
1098,rs1365173673,51235686,G,A,CD33|174,+ : 51235651 - 51235711,4.4,5.9,44.0,30.8,10.3,44.8,31.8,CCCTACCACAGGGTCAGCCTCCCCGGTGAGTGATGGGGCATCCTGGCATCCAGTCTGTCCCCCTACCACAGGGTCAGCCTCCCCGGTGAGTGATAGGGCATCCTGGCATCCAGTCTGTCC,TAG
1114,rs1366588082,51225236,C,T,CD33|12,- : 51225210 - 51225270,4.5,7.0,34.7,38.9,11.1,37.4,34.4,CGTCACTGACTCCTGCACTTGCAGCCAGAAATTTGGATCCATAGCCAGGGCCCCTGTGGGCGTCACTGACTCCTGCACTTGCAGCCAGAAATTTAGATCCATAGCCAGGGCCCCTGTGGG,TAG
1127,rs1368347663,51235201,G,A,CD33|147,+ : 51235166 - 51235226,2.1,13.8,35.5,39.7,12.6,33.8,41.8,GACCAGAGCAGGAGTGGTTCATGGGGCCATTGGAGGAGCTGGTGTTACAGCCCTGCTCGCGACCAGAGCAGGAGTGGTTCATGGGGCCATTGGAAGAGCTGGTGTTACAGCCCTGCTCGC,AAG
1134,rs1368563021,51225142,C,G,CD33|4,- : 51225116 - 51225176,24.6,57.7,67.1,17.1,33.1,47.4,24.2,CCTCTCCCCACAGCCACTCACCTGCCCACAGCAGGGGCAGCAGTAGCAGCAGCGGCATGTCCTCTCCCCACAGCCACTCACCTGCCCACAGCAGCGGCAGCAGTAGCAGCAGCGGCATGT,GCG
1139,rs1368563021,51225142,C,G,CD33|6,- : 51225117 - 51225177,2.4,7.7,40.2,30.4,9.5,38.2,30.1,CCCTCTCCCCACAGCCACTCACCTGCCCACAGCAGGGGCAGCAGTAGCAGCAGCGGCATGCCCTCTCCCCACAGCCACTCACCTGCCCACAGCAGCGGCAGCAGTAGCAGCAGCGGCATG,AGC
1169,rs138300409,51225364,C,T,CD33|34,- : 51225338 - 51225398,7.4,10.3,46.1,34.9,10.7,38.8,36.1,ACTGGAGAGTCCCTGGATATAATGGCTCCTTCCCGGAACCAGTAACCATGAACTGGGGAGACTGGAGAGTCCCTGGATATAATGGCTCCTTCCCAGAACCAGTAACCATGAACTGGGGAG,CAG
1182,rs1386976331,51235653,C,A,CD33|164,- : 51235627 - 51235687,8.2,4.2,37.5,32.6,12.4,37.4,32.1,CCATCACTCACCGGGGAGGCTGACCCTGTGGTAGGGTGGGTGTCATTCCTGCCCACTGCTCCATCACTCACCGGGGAGGCTGACCCTGTGGTAGTGTGGGTGTCATTCCTGCCCACTGCT,GTG
1183,rs1386976331,51235653,C,A,CD33|166,- : 51235628 - 51235688,8.0,30.4,57.3,21.5,23.3,49.4,24.7,CCCATCACTCACCGGGGAGGCTGACCCTGTGGTAGGGTGGGTGTCATTCCTGCCCACTGCCCCATCACTCACCGGGGAGGCTGACCCTGTGGTAGTGTGGGTGTCATTCCTGCCCACTGC,AGT
1201,rs138721648,51235634,G,A,CD33|159,+ : 51235599 - 51235659,10.5,2.7,25.9,54.4,6.1,28.4,43.9,AGACCCACAGGAGGAAAGCAGCCAGGACAGCAGTGGGCAGGAATGACACCCACCCTACCAAGACCCACAGGAGGAAAGCAGCCAGGACAGCAGTAGGCAGGAATGACACCCACCCTACCA,TAG
1220,rs139021343,51225999,C,T,CD33|122,- : 51225974 - 51226034,3.9,1.6,39.2,36.4,3.3,38.3,34.9,GCGAACTTCACCTGACAGGTCAGGTTGGTGCCGTGGTCCTGGGGCCGTGGGGTGATTATGGCGAACTTCACCTGACAGGTCAGGTTGGTGCCGTGATCCTGGGGCCGTGGGGTGATTATG,TGA
1256,rs1393284383,51225460,G,T,CD33|47,+ : 51225425 - 51225485,2.5,11.1,41.0,33.1,8.5,39.4,32.5,ACAGGAGGAGACTCAGGGCAGATTCCGCCTCCTTGGGGATCCCAGTAGGAACAACTGCTCACAGGAGGAGACTCAGGGCAGATTCCGCCTCCTTTGGGATCCCAGTAGGAACAACTGCTC,TTG
1264,rs1395035314,51225512,G,A,CD33|59,+ : 51225477 - 51225537,6.0,2.9,42.3,29.9,8.1,41.8,30.0,AACTGCTCCCTGAGCATCGTAGACGCCAGGAGGAGGGATAATGGTTCATACTTCTTTCGGAACTGCTCCCTGAGCATCGTAGACGCCAGGAGGAAGGATAATGGTTCATACTTCTTTCGG,AAG
1276,rs139951115,51225520,G,C,CD33|62,+ : 51225485 - 51225545,3.1,5.1,38.5,35.7,5.7,35.4,36.6,CCTGAGCATCGTAGACGCCAGGAGGAGGGATAATGGTTCATACTTCTTTCGGATGGAGAGCCTGAGCATCGTAGACGCCAGGAGGAGGGATAATCGTTCATACTTCTTTCGGATGGAGAG,TCG
1285,rs1399569808,51225122,C,T,CD33|1,- : 51225097 - 51225157,2.5,2.8,18.9,20.1,4.7,21.0,20.3,ACCTGCCCACAGCAGGGGCAGCAGTAGCAGCAGCGGCATGTCTGAGGAAGCAGCTTCCAGACCTGCCCACAGCAGGGGCAGCAGTAGCAGCAGCGACATGTCTGAGGAAGCAGCTTCCAG,CGA
1298,rs1401244979,51225554,C,T,CD33|66,- : 51225529 - 51225589,4.0,14.7,43.9,36.7,11.0,39.9,40.0,GCACAGAGAGCTGGGGAGATTTGTAACTGTATTTGGTACTTCCTCTCTCCATCCGAAAGAGCACAGAGAGCTGGGGAGATTTGTAACTGTATTTGATACTTCCTCTCTCCATCCGAAAGA,TGA
1334,rs1409942313,51239658,C,A,CD33|216,- : 51239632 - 51239692,9.7,13.4,36.4,41.9,17.5,41.6,36.5,TTCCTCACTGGGTCCTGACCTCTGAGTATTCGGTGGAGGTGTCCTTGGAAGGATTCATCCTTCCTCACTGGGTCCTGACCTCTGAGTATTCGGTTGAGGTGTCCTTGGAAGGATTCATCC,TTG
1396,rs1420963956,51225461,G,A,CD33|48,+ : 51225426 - 51225486,4.5,1.6,35.1,37.4,5.2,35.8,38.4,CAGGAGGAGACTCAGGGCAGATTCCGCCTCCTTGGGGATCCCAGTAGGAACAACTGCTCCCAGGAGGAGACTCAGGGCAGATTCCGCCTCCTTGAGGATCCCAGTAGGAACAACTGCTCC,GAG
1399,rs1420963956,51225461,G,A,CD33|47,+ : 51225425 - 51225485,1.4,11.1,41.0,33.1,9.7,40.8,33.9,ACAGGAGGAGACTCAGGGCAGATTCCGCCTCCTTGGGGATCCCAGTAGGAACAACTGCTCACAGGAGGAGACTCAGGGCAGATTCCGCCTCCTTGAGGATCCCAGTAGGAACAACTGCTC,TGA
1407,rs1423048685,51235687,G,A,CD33|175,+ : 51235652 - 51235712,14.6,45.4,63.9,19.8,30.8,52.3,26.5,CCTACCACAGGGTCAGCCTCCCCGGTGAGTGATGGGGCATCCTGGCATCCAGTCTGTCCTCCTACCACAGGGTCAGCCTCCCCGGTGAGTGATGAGGCATCCTGGCATCCAGTCTGTCCT,GAG
1409,rs1423048685,51235687,G,A,CD33|174,+ : 51235651 - 51235711,5.3,5.9,44.0,30.8,11.2,43.3,31.6,CCCTACCACAGGGTCAGCCTCCCCGGTGAGTGATGGGGCATCCTGGCATCCAGTCTGTCCCCCTACCACAGGGTCAGCCTCCCCGGTGAGTGATGAGGCATCCTGGCATCCAGTCTGTCC,TGA
1424,rs142485148,51235672,C,T,CD33|171,- : 51235647 - 51235707,12.7,26.7,51.1,27.3,14.0,43.2,33.2,AGACTGGATGCCAGGATGCCCCATCACTCACCGGGGAGGCTGACCCTGTGGTAGGGTGGGAGACTGGATGCCAGGATGCCCCATCACTCACCGGGAAGGCTGACCCTGTGGTAGGGTGGG,GGA
1460,rs1429430949,51226017,C,G,CD33|126,- : 51225991 - 51226051,18.7,49.2,64.6,21.4,30.6,50.5,32.9,TAGTCACACCAGCTCCAGCGAACTTCACCTGACAGGTCAGGTTGGTGCCGTGGTCCTGGGTAGTCACACCAGCTCCAGCGAACTTCACCTGACACGTCAGGTTGGTGCCGTGGTCCTGGG,ACG
1480,rs143089841,51225441,G,A,CD33|44,+ : 51225406 - 51225466,5.2,5.3,41.0,33.8,10.0,46.2,32.5,ACAAGCTAGATCAAGAAGTACAGGAGGAGACTCAGGGCAGATTCCGCCTCCTTGGGGATCACAAGCTAGATCAAGAAGTACAGGAGGAGACTCAAGGCAGATTCCGCCTCCTTGGGGATC,AAG
1503,rs1434372344,51225810,C,A,CD33|71,- : 51225784 - 51225844,6.1,11.9,39.4,37.4,17.5,43.4,34.8,CTAGAGTGCCAGGGATGAGGATTTTGGGCCTGTGGGTCAAGTCTAGTGAGGAGAAAGAGGCTAGAGTGCCAGGGATGAGGATTTTGGGCCTGTGTGTCAAGTCTAGTGAGGAGAAAGAGG,GTG
1504,rs1434372344,51225810,C,A,CD33|72,- : 51225785 - 51225845,3.8,4.6,34.3,39.8,5.0,34.2,39.6,TCTAGAGTGCCAGGGATGAGGATTTTGGGCCTGTGGGTCAAGTCTAGTGAGGAGAAAGAGTCTAGAGTGCCAGGGATGAGGATTTTGGGCCTGTGTGTCAAGTCTAGTGAGGAGAAAGAG,TGT
1511,rs143526600,51225521,G,T,CD33|62,+ : 51225485 - 51225545,6.5,5.1,38.5,35.7,3.5,32.0,40.0,CCTGAGCATCGTAGACGCCAGGAGGAGGGATAATGGTTCATACTTCTTTCGGATGGAGAGCCTGAGCATCGTAGACGCCAGGAGGAGGGATAATGTTTCATACTTCTTTCGGATGGAGAG,TGT
1547,rs144102805,51225365,G,A,CD33|31,+ : 51225330 - 51225390,2.1,2.2,40.7,33.7,3.7,39.9,35.3,GACAAGAACTCCCCAGTTCATGGTTACTGGTTCCGGGAAGGAGCCATTATATCCAGGGACGACAAGAACTCCCCAGTTCATGGTTACTGGTTCCAGGAAGGAGCCATTATATCCAGGGAC,CAG
1599,rs144841888,51239620,C,T,CD33|209,- : 51239594 - 51239654,5.1,4.8,39.5,33.5,9.8,39.4,35.2,GTGTCCTTGGAAGGATTCATCCCATGAAAGTTGAGGGAAGCATAATGCAGCTCCTCATCCGTGTCCTTGGAAGGATTCATCCCATGAAAGTTGAAGGAAGCATAATGCAGCTCCTCATCC,AAG
1608,rs144932408,51225818,C,G,CD33|73,- : 51225792 - 51225852,3.3,13.1,39.2,40.1,13.2,38.8,37.2,GCCGGGTTCTAGAGTGCCAGGGATGAGGATTTTGGGCCTGTGGGTCAAGTCTAGTGAGGAGCCGGGTTCTAGAGTGCCAGGGATGAGGATTTTGCGCCTGTGGGTCAAGTCTAGTGAGGA,GCG
1612,rs144932408,51225818,C,G,CD33|74,- : 51225793 - 51225853,2.3,2.7,35.0,38.0,3.5,33.4,37.3,GGCCGGGTTCTAGAGTGCCAGGGATGAGGATTTTGGGCCTGTGGGTCAAGTCTAGTGAGGGGCCGGGTTCTAGAGTGCCAGGGATGAGGATTTTGCGCCTGTGGGTCAAGTCTAGTGAGG,TGC
1638,rs1452954275,51235610,G,A,CD33|153,+ : 51235574 - 51235634,1.8,4.3,33.4,41.3,5.9,34.8,40.5,ACCCTGGTGTCTCCCATCAGAGTGAAGACCCACAGGAGGAAAGCAGCCAGGACAGCAGTGACCCTGGTGTCTCCCATCAGAGTGAAGACCCACAGAAGGAAAGCAGCCAGGACAGCAGTG,AGA
1688,rs1469199172,51225575,C,T,CD33|67,- : 51225549 - 51225609,8.1,5.2,45.7,31.7,13.3,46.3,32.3,CTGTGCCTCACCTGTCACATGCACAGAGAGCTGGGGAGATTTGTAACTGTATTTGGTACTCTGTGCCTCACCTGTCACATGCACAGAGAGCTGGAGAGATTTGTAACTGTATTTGGTACT,GAG
1689,rs1469199172,51225575,C,T,CD33|68,- : 51225550 - 51225610,6.4,18.3,50.9,30.5,12.0,48.1,32.4,CCTGTGCCTCACCTGTCACATGCACAGAGAGCTGGGGAGATTTGTAACTGTATTTGGTACCCTGTGCCTCACCTGTCACATGCACAGAGAGCTGGAGAGATTTGTAACTGTATTTGGTAC,GGA
1698,rs1472789585,51235183,G,A,CD33|142,+ : 51235147 - 51235207,6.0,8.2,33.4,42.5,12.8,38.2,38.7,TGTCTGCAGGGAAACAAGAGACCAGAGCAGGAGTGGTTCATGGGGCCATTGGAGGAGCTGTGTCTGCAGGGAAACAAGAGACCAGAGCAGGAGTGATTCATGGGGCCATTGGAGGAGCTG,TGA
1733,rs147729352,51225882,C,A,CD33|88,- : 51225856 - 51225916,2.0,1.3,39.2,33.7,2.2,40.4,34.9,AGAAGATCGGGGGTGTTCCCTGCTCACAGGCCCAGGACACAGAGCAGGTCAGGTTTTTGGAGAAGATCGGGGGTGTTCCCTGCTCACAGGCCCATGACACAGAGCAGGTCAGGTTTTTGG,ATG
1762,rs148118239,51225473,G,A,CD33|52,+ : 51225438 - 51225498,5.3,4.3,40.8,31.6,9.6,41.3,31.5,CAGGGCAGATTCCGCCTCCTTGGGGATCCCAGTAGGAACAACTGCTCCCTGAGCATCGTACAGGGCAGATTCCGCCTCCTTGGGGATCCCAGTAAGAACAACTGCTCCCTGAGCATCGTA,AAG
1774,rs1482418388,51235728,C,T,CD33|185,- : 51235702 - 51235762,11.1,8.0,42.7,36.1,17.6,53.7,27.0,AAATGCTGAATGGGGCATGACGGTGGGCCACATTGGGAGGAGGTGTCTGCAGGACAGACTAAATGCTGAATGGGGCATGACGGTGGGCCACATTAGGAGGAGGTGTCTGCAGGACAGACT,TAG
1818,rs150461675,51225352,G,A,CD33|28,+ : 51225317 - 51225377,4.2,19.0,42.5,40.2,14.7,39.6,41.7,CATACCCTACTACGACAAGAACTCCCCAGTTCATGGTTACTGGTTCCGGGAAGGAGCCATCATACCCTACTACGACAAGAACTCCCCAGTTCATAGTTACTGGTTCCGGGAAGGAGCCAT,TAG
1891,rs201342074,51225850,G,A,CD33|79,+ : 51225815 - 51225875,7.3,3.8,25.2,58.0,4.7,23.8,62.9,GCCCAAAATCCTCATCCCTGGCACTCTAGAACCCGGCCACTCCAAAAACCTGACCTGCTCGCCCAAAATCCTCATCCCTGGCACTCTAGAACCCAGCCACTCCAAAAACCTGACCTGCTC,CAG
1902,rs201364242,51235650,C,A,CD33|163,- : 51235624 - 51235684,2.8,9.0,43.7,31.4,8.0,43.1,29.0,TCACTCACCGGGGAGGCTGACCCTGTGGTAGGGTGGGTGTCATTCCTGCCCACTGCTGTCTCACTCACCGGGGAGGCTGACCCTGTGGTAGGGTTGGTGTCATTCCTGCCCACTGCTGTC,TTG
1920,rs201510739,51225270,G,A,CD33|14,+ : 51225235 - 51225295,5.9,6.2,38.4,27.8,12.0,36.8,31.1,CAAATTTCTGGCTGCAAGTGCAGGAGTCAGTGACGGTACAGGAGGGTTTGTGCGTCCTCGCAAATTTCTGGCTGCAAGTGCAGGAGTCAGTGACAGTACAGGAGGGTTTGTGCGTCCTCG,CAG
1930,rs201528319,51225946,G,A,CD33|103,+ : 51225911 - 51225971,3.1,1.3,33.1,45.2,3.2,33.2,44.1,CTTCTCCTGGTTGTCAGCTGCCCCCACCTCCCTGGGCCCCAGGACTACTCACTCCTCGGTCTTCTCCTGGTTGTCAGCTGCCCCCACCTCCCTGAGCCCCAGGACTACTCACTCCTCGGT,GAG
1934,rs201528319,51225946,G,A,CD33|102,+ : 51225910 - 51225970,2.1,8.3,43.2,35.2,6.6,41.1,36.1,TCTTCTCCTGGTTGTCAGCTGCCCCCACCTCCCTGGGCCCCAGGACTACTCACTCCTCGGTCTTCTCCTGGTTGTCAGCTGCCCCCACCTCCCTGAGCCCCAGGACTACTCACTCCTCGG,TGA
1997,rs267605607,51225430,G,A,CD33|42,+ : 51225394 - 51225454,3.1,4.2,47.4,25.4,7.0,47.7,26.4,CAGTGGCCACAAACAAGCTAGATCAAGAAGTACAGGAGGAGACTCAGGGCAGATTCCGCCCAGTGGCCACAAACAAGCTAGATCAAGAAGTACAGAAGGAGACTCAGGGCAGATTCCGCC,AGA
2043,rs35112940,51235662,G,A,CD33|165,+ : 51235627 - 51235687,2.3,2.7,34.0,39.3,4.9,34.5,38.0,AGCAGTGGGCAGGAATGACACCCACCCTACCACAGGGTCAGCCTCCCCGGTGAGTGATGGAGCAGTGGGCAGGAATGACACCCACCCTACCACAAGGTCAGCCTCCCCGGTGAGTGATGG,AAG
2095,rs368420862,51226061,C,A,CD33|130,- : 51226036 - 51226096,14.9,57.8,67.5,15.6,42.9,57.4,21.4,TGGCCCAGCACTTACAGGTGACGTTGAGCTGGATGGTTCTCTCCGTAGTCACACCAGCTCTGGCCCAGCACTTACAGGTGACGTTGAGCTGGATGTTTCTCTCCGTAGTCACACCAGCTC,TGT
2103,rs368881434,51239573,G,A,CD33|200,+ : 51239537 - 51239597,4.6,3.4,47.6,25.7,5.9,43.0,25.6,GTTACATGGCCCCACTGAAACCTCAAGCTGTTCAGGTGCCGCCCCTACTGTGGAGATGGAGTTACATGGCCCCACTGAAACCTCAAGCTGTTCAGATGCCGCCCCTACTGTGGAGATGGA,AGA
2130,rs369509571,51225323,C,G,CD33|24,- : 51225297 - 51225357,13.1,44.5,64.4,17.6,31.4,52.5,23.2,GTAACCATGAACTGGGGAGTTCTTGTCGTAGTAGGGTATGGGATGGAAGAAAGTGCAGGGGTAACCATGAACTGGGGAGTTCTTGTCGTAGTAGCGTATGGGATGGAAGAAAGTGCAGGG,GCG
2133,rs369509571,51225323,C,G,CD33|25,- : 51225298 - 51225358,3.8,25.4,51.8,22.6,29.1,50.3,22.9,AGTAACCATGAACTGGGGAGTTCTTGTCGTAGTAGGGTATGGGATGGAAGAAAGTGCAGGAGTAACCATGAACTGGGGAGTTCTTGTCGTAGTAGCGTATGGGATGGAAGAAAGTGCAGG,AGC
2211,rs374361331,51225951,C,G,CD33|110,- : 51225925 - 51225985,3.8,5.4,40.9,30.7,9.2,38.6,31.9,GGGTGATTATGAGCACCGAGGAGTGAGTAGTCCTGGGGCCCAGGGAGGTGGGGGCAGCTGGGGTGATTATGAGCACCGAGGAGTGAGTAGTCCTCGGGCCCAGGGAGGTGGGGGCAGCTG,TCG
2248,rs375190365,51225300,C,A,CD33|20,- : 51225274 - 51225334,4.8,3.9,33.7,26.6,7.5,36.1,29.0,TGTCGTAGTAGGGTATGGGATGGAAGAAAGTGCAGGGCACGAGGACGCACAAACCCTCCTTGTCGTAGTAGGGTATGGGATGGAAGAAAGTGCATGGCACGAGGACGCACAAACCCTCCT,ATG
2286,rs376684340,51225383,C,G,CD33|38,- : 51225358 - 51225418,1.8,8.0,44.6,34.6,7.7,44.4,36.4,GATCTAGCTTGTTTGTGGCCACTGGAGAGTCCCTGGATATAATGGCTCCTTCCCGGAACCGATCTAGCTTGTTTGTGGCCACTGGAGAGTCCCTGCATATAATGGCTCCTTCCCGGAACC,TGC
2372,rs536711595,51225451,C,T,CD33|46,- : 51225425 - 51225485,3.4,1.4,37.0,35.0,2.9,35.5,38.4,GAGCAGTTGTTCCTACTGGGATCCCCAAGGAGGCGGAATCTGCCCTGAGTCTCCTCCTGTGAGCAGTTGTTCCTACTGGGATCCCCAAGGAGGCAGAATCTGCCCTGAGTCTCCTCCTGT,CAG
2409,rs546468173,51225851,G,A,CD33|79,+ : 51225815 - 51225875,5.0,3.8,25.2,58.0,3.7,28.6,53.6,GCCCAAAATCCTCATCCCTGGCACTCTAGAACCCGGCCACTCCAAAAACCTGACCTGCTCGCCCAAAATCCTCATCCCTGGCACTCTAGAACCCGACCACTCCAAAAACCTGACCTGCTC,CGA
2426,rs559170045,51239602,G,C,CD33|207,+ : 51239566 - 51239626,4.8,4.0,30.7,27.7,8.2,32.5,29.4,GTTCAGGTGCCGCCCCTACTGTGGAGATGGATGAGGAGCTGCATTATGCTTCCCTCAACTGTTCAGGTGCCGCCCCTACTGTGGAGATGGATGAGCAGCTGCATTATGCTTCCCTCAACT,AGC
2472,rs571957160,51225849,C,T,CD33|81,- : 51225823 - 51225883,6.8,23.7,67.0,19.5,17.5,71.6,17.7,AGGACACAGAGCAGGTCAGGTTTTTGGAGTGGCCGGGTTCTAGAGTGCCAGGGATGAGGAAGGACACAGAGCAGGTCAGGTTTTTGGAGTGGCCAGGTTCTAGAGTGCCAGGGATGAGGA,CAG
2562,rs746048659,51225969,G,A,CD33|111,+ : 51225934 - 51225994,3.8,18.2,47.0,32.4,14.4,43.5,33.4,CCACCTCCCTGGGCCCCAGGACTACTCACTCCTCGGTGCTCATAATCACCCCACGGCCCCCCACCTCCCTGGGCCCCAGGACTACTCACTCCTCAGTGCTCATAATCACCCCACGGCCCC,CAG
2583,rs746133044,51225904,C,A,CD33|92,- : 51225879 - 51225939,8.5,33.7,54.8,26.6,25.2,48.4,29.6,GGTGGGGGCAGCTGACAACCAGGAGAAGATCGGGGGTGTTCCCTGCTCACAGGCCCAGGAGGTGGGGGCAGCTGACAACCAGGAGAAGATCGGGGTTGTTCCCTGCTCACAGGCCCAGGA,GGT
2596,rs746335149,51235649,C,G,CD33|162,- : 51235623 - 51235683,5.4,2.8,45.3,29.0,7.4,40.0,34.0,CACTCACCGGGGAGGCTGACCCTGTGGTAGGGTGGGTGTCATTCCTGCCCACTGCTGTCCCACTCACCGGGGAGGCTGACCCTGTGGTAGGGTGCGTGTCATTCCTGCCCACTGCTGTCC,GCG
2600,rs746335149,51235649,C,G,CD33|163,- : 51235624 - 51235684,2.8,9.0,43.7,31.4,10.7,41.7,34.2,TCACTCACCGGGGAGGCTGACCCTGTGGTAGGGTGGGTGTCATTCCTGCCCACTGCTGTCTCACTCACCGGGGAGGCTGACCCTGTGGTAGGGTGCGTGTCATTCCTGCCCACTGCTGTC,TGC
2635,rs747048790,51225986,C,A,CD33|116,- : 51225960 - 51226020,4.2,1.4,34.2,42.1,2.7,35.4,37.9,ACAGGTCAGGTTGGTGCCGTGGTCCTGGGGCCGTGGGGTGATTATGAGCACCGAGGAGTGACAGGTCAGGTTGGTGCCGTGGTCCTGGGGCCGTTGGGTGATTATGAGCACCGAGGAGTG,TTG
2651,rs747563205,51235738,C,T,CD33|187,- : 51235712 - 51235772,2.5,16.9,39.8,34.7,18.9,42.0,32.2,TCAGTTCTGGAAATGCTGAATGGGGCATGACGGTGGGCCACATTGGGAGGAGGTGTCTGCTCAGTTCTGGAAATGCTGAATGGGGCATGACGGTAGGCCACATTGGGAGGAGGTGTCTGC,TAG
2677,rs748635992,51225869,C,A,CD33|85,- : 51225844 - 51225904,4.0,3.2,52.8,26.1,6.9,53.6,25.8,GTGTTCCCTGCTCACAGGCCCAGGACACAGAGCAGGTCAGGTTTTTGGAGTGGCCGGGTTGTGTTCCCTGCTCACAGGCCCAGGACACAGAGCAGTTCAGGTTTTTGGAGTGGCCGGGTT,AGT
2701,rs749625569,51225881,C,G,CD33|88,- : 51225856 - 51225916,2.1,1.3,39.2,33.7,2.3,39.4,34.6,AGAAGATCGGGGGTGTTCCCTGCTCACAGGCCCAGGACACAGAGCAGGTCAGGTTTTTGGAGAAGATCGGGGGTGTTCCCTGCTCACAGGCCCAGCACACAGAGCAGGTCAGGTTTTTGG,AGC
2715,rs750059279,51225950,C,T,CD33|110,- : 51225925 - 51225985,4.7,5.4,40.9,30.7,10.1,42.5,31.7,GGGTGATTATGAGCACCGAGGAGTGAGTAGTCCTGGGGCCCAGGGAGGTGGGGGCAGCTGGGGTGATTATGAGCACCGAGGAGTGAGTAGTCCTGAGGCCCAGGGAGGTGGGGGCAGCTG,TGA
2719,rs750059279,51225950,C,T,CD33|109,- : 51225924 - 51225984,3.4,19.8,45.2,30.2,16.3,43.0,32.6,GGTGATTATGAGCACCGAGGAGTGAGTAGTCCTGGGGCCCAGGGAGGTGGGGGCAGCTGAGGTGATTATGAGCACCGAGGAGTGAGTAGTCCTGAGGCCCAGGGAGGTGGGGGCAGCTGA,GAG
2742,rs750324224,51235613,G,A,CD33|154,+ : 51235577 - 51235637,2.9,17.4,48.2,26.9,20.3,50.2,27.4,CTGGTGTCTCCCATCAGAGTGAAGACCCACAGGAGGAAAGCAGCCAGGACAGCAGTGGGCCTGGTGTCTCCCATCAGAGTGAAGACCCACAGGAGAAAAGCAGCCAGGACAGCAGTGGGC,AGA
2749,rs750523787,51225463,G,A,CD33|49,+ : 51225427 - 51225487,8.8,13.0,40.4,34.5,8.3,33.1,43.3,AGGAGGAGACTCAGGGCAGATTCCGCCTCCTTGGGGATCCCAGTAGGAACAACTGCTCCCAGGAGGAGACTCAGGGCAGATTCCGCCTCCTTGGGAATCCCAGTAGGAACAACTGCTCCC,GGA
2772,rs750832576,51226053,G,A,CD33|129,+ : 51226018 - 51226078,4.7,13.9,38.9,28.4,15.2,37.8,25.4,GTCAGGTGAAGTTCGCTGGAGCTGGTGTGACTACGGAGAGAACCATCCAGCTCAACGTCAGTCAGGTGAAGTTCGCTGGAGCTGGTGTGACTACAGAGAGAACCATCCAGCTCAACGTCA,CAG
2776,rs751281731,51226023,G,C,CD33|125,+ : 51225988 - 51226048,19.4,45.8,63.9,22.2,26.4,49.0,33.3,GGCCCCAGGACCACGGCACCAACCTGACCTGTCAGGTGAAGTTCGCTGGAGCTGGTGTGAGGCCCCAGGACCACGGCACCAACCTGACCTGTCACGTGAAGTTCGCTGGAGCTGGTGTGA,ACG
2861,rs753100418,51239679,G,A,CD33|219,+ : 51239643 - 51239703,4.3,3.8,34.6,37.7,7.3,32.0,42.1,TCCAAGGACACCTCCACCGAATACTCAGAGGTCAGGACCCAGTGAGGAACCCACAAGAGCTCCAAGGACACCTCCACCGAATACTCAGAGGTCAGAACCCAGTGAGGAACCCACAAGAGC,AGA
2907,rs754373588,51226042,G,C,CD33|128,+ : 51226007 - 51226067,14.8,2.3,26.4,26.1,4.6,33.8,32.7,CAACCTGACCTGTCAGGTGAAGTTCGCTGGAGCTGGTGTGACTACGGAGAGAACCATCCACAACCTGACCTGTCAGGTGAAGTTCGCTGGAGCTCGTGTGACTACGGAGAGAACCATCCA,TCG
2916,rs754433647,51225966,C,T,CD33|112,- : 51225940 - 51226000,12.7,47.8,67.3,19.5,35.1,60.4,24.8,GGTCCTGGGGCCGTGGGGTGATTATGAGCACCGAGGAGTGAGTAGTCCTGGGGCCCAGGGGGTCCTGGGGCCGTGGGGTGATTATGAGCACCGAAGAGTGAGTAGTCCTGGGGCCCAGGG,AAG
2949,rs754792639,51235693,C,T,CD33|178,- : 51235668 - 51235728,12.5,36.0,61.6,21.1,23.5,51.2,28.4,GGGAGGAGGTGTCTGCAGGACAGACTGGATGCCAGGATGCCCCATCACTCACCGGGGAGGGGGAGGAGGTGTCTGCAGGACAGACTGGATGCCAGAATGCCCCATCACTCACCGGGGAGG,AGA
2963,rs754983729,51225537,G,A,CD33|63,+ : 51225501 - 51225561,1.6,3.2,37.1,36.0,4.3,35.9,37.6,GCCAGGAGGAGGGATAATGGTTCATACTTCTTTCGGATGGAGAGAGGAAGTACCAAATACGCCAGGAGGAGGGATAATGGTTCATACTTCTTTCGAATGGAGAGAGGAAGTACCAAATAC,CGA
3061,rs757493527,51225454,C,T,CD33|50,- : 51225428 - 51225488,3.2,19.7,43.4,36.2,18.1,43.6,35.8,AGGGAGCAGTTGTTCCTACTGGGATCCCCAAGGAGGCGGAATCTGCCCTGAGTCTCCTCCAGGGAGCAGTTGTTCCTACTGGGATCCCCAAGGAAGCGGAATCTGCCCTGAGTCTCCTCC,AAG
3085,rs757876553,51225864,C,T,CD33|84,- : 51225839 - 51225899,4.2,6.6,38.4,35.8,10.9,38.0,36.1,CCCTGCTCACAGGCCCAGGACACAGAGCAGGTCAGGTTTTTGGAGTGGCCGGGTTCTAGACCCTGCTCACAGGCCCAGGACACAGAGCAGGTCAGATTTTTGGAGTGGCCGGGTTCTAGA,AGA
3105,rs759177587,51235749,C,T,CD33|190,- : 51235724 - 51235784,9.4,4.5,45.9,31.6,13.4,48.7,30.2,AAGACAATAAGCTCAGTTCTGGAAATGCTGAATGGGGCATGACGGTGGGCCACATTGGGAAAGACAATAAGCTCAGTTCTGGAAATGCTGAATGGAGCATGACGGTGGGCCACATTGGGA,GGA
3106,rs759177587,51235749,C,T,CD33|189,- : 51235723 - 51235783,4.1,37.2,60.7,23.8,33.1,56.7,26.6,AGACAATAAGCTCAGTTCTGGAAATGCTGAATGGGGCATGACGGTGGGCCACATTGGGAGAGACAATAAGCTCAGTTCTGGAAATGCTGAATGGAGCATGACGGTGGGCCACATTGGGAG,GAG
3222,rs760682952,51239654,C,T,CD33|215,- : 51239629 - 51239689,3.9,2.6,33.9,33.2,3.9,31.3,31.7,CTCACTGGGTCCTGACCTCTGAGTATTCGGTGGAGGTGTCCTTGGAAGGATTCATCCCATCTCACTGGGTCCTGACCTCTGAGTATTCGGTGGAGATGTCCTTGGAAGGATTCATCCCAT,AGA
3316,rs763738845,51226345,G,A,CD33|137,+ : 51226309 - 51226369,3.6,5.0,36.5,38.6,8.6,37.6,38.9,TGTTCCACAGAACCCAACAACTGGTATCTTTCCAGGAGATGGCTCAGGTAGGAAGGAGCCTGTTCCACAGAACCCAACAACTGGTATCTTTCCAGAAGATGGCTCAGGTAGGAAGGAGCC,AGA
3339,rs764658406,51239577,C,T,CD33|201,- : 51239551 - 51239611,2.2,3.8,45.0,30.1,4.7,42.8,30.8,AATGCAGCTCCTCATCCATCTCCACAGTAGGGGCGGCACCTGAACAGCTTGAGGTTTCAGAATGCAGCTCCTCATCCATCTCCACAGTAGGGGCAGCACCTGAACAGCTTGAGGTTTCAG,CAG
3354,rs765191544,51225457,C,T,CD33|51,- : 51225431 - 51225491,3.6,2.5,31.9,48.3,4.4,34.1,45.3,CTCAGGGAGCAGTTGTTCCTACTGGGATCCCCAAGGAGGCGGAATCTGCCCTGAGTCTCCCTCAGGGAGCAGTTGTTCCTACTGGGATCCCCAAAGAGGCGGAATCTGCCCTGAGTCTCC,AAG
3362,rs765281112,51235605,C,T,CD33|156,- : 51235579 - 51235639,2.9,3.0,35.5,35.8,5.5,34.3,36.2,CTGCCCACTGCTGTCCTGGCTGCTTTCCTCCTGTGGGTCTTCACTCTGATGGGAGACACCCTGCCCACTGCTGTCCTGGCTGCTTTCCTCCTGTAGGTCTTCACTCTGATGGGAGACACC,TAG
3479,rs767906043,51235193,C,G,CD33|148,- : 51235168 - 51235228,6.9,3.2,25.1,31.5,6.8,30.9,32.9,GAGCGAGCAGGGCTGTAACACCAGCTCCTCCAATGGCCCCATGAACCACTCCTGCTCTGGGAGCGAGCAGGGCTGTAACACCAGCTCCTCCAATGCCCCCATGAACCACTCCTGCTCTGG,TGC
3524,rs769030837,51239682,C,T,CD33|220,- : 51239656 - 51239716,28.5,3.5,26.0,19.0,9.5,38.8,33.8,AGCTGAGCCTGATGCTCTTGTGGGTTCCTCACTGGGTCCTGACCTCTGAGTATTCGGTGGAGCTGAGCCTGATGCTCTTGTGGGTTCCTCACTGAGTCCTGACCTCTGAGTATTCGGTGG,GAG
3525,rs769030837,51239682,C,T,CD33|221,- : 51239657 - 51239717,25.7,12.4,30.7,16.9,9.8,40.4,31.4,TAGCTGAGCCTGATGCTCTTGTGGGTTCCTCACTGGGTCCTGACCTCTGAGTATTCGGTGTAGCTGAGCCTGATGCTCTTGTGGGTTCCTCACTGAGTCCTGACCTCTGAGTATTCGGTG,TGA
3534,rs769533457,51226003,G,A,CD33|120,+ : 51225968 - 51226028,2.2,6.6,49.6,29.8,7.6,47.4,30.3,GGTGCTCATAATCACCCCACGGCCCCAGGACCACGGCACCAACCTGACCTGTCAGGTGAAGGTGCTCATAATCACCCCACGGCCCCAGGACCACAGCACCAACCTGACCTGTCAGGTGAA,CAG
3548,rs770256473,51239550,C,A,CD33|198,- : 51239524 - 51239584,2.7,16.1,42.6,32.1,15.8,45.3,31.4,TAGGGGCGGCACCTGAACAGCTTGAGGTTTCAGTGGGGCCATGTAACTTGGACTTCTTCTTAGGGGCGGCACCTGAACAGCTTGAGGTTTCAGTTGGGCCATGTAACTTGGACTTCTTCT,TTG
3555,rs770795199,51225276,G,A,CD33|15,+ : 51225241 - 51225301,4.1,2.7,34.9,34.8,5.0,32.8,38.8,TCTGGCTGCAAGTGCAGGAGTCAGTGACGGTACAGGAGGGTTTGTGCGTCCTCGTGCCCTTCTGGCTGCAAGTGCAGGAGTCAGTGACGGTACAAGAGGGTTTGTGCGTCCTCGTGCCCT,AAG
3638,rs772255900,51225908,C,T,CD33|95,- : 51225882 - 51225942,3.5,25.7,48.5,26.6,22.2,46.9,25.6,GGAGGTGGGGGCAGCTGACAACCAGGAGAAGATCGGGGGTGTTCCCTGCTCACAGGCCCAGGAGGTGGGGGCAGCTGACAACCAGGAGAAGATCAGGGGTGTTCCCTGCTCACAGGCCCA,CAG
3655,rs772741411,51235741,C,T,CD33|188,- : 51235715 - 51235775,12.3,55.8,70.3,18.3,43.5,58.0,28.5,AGCTCAGTTCTGGAAATGCTGAATGGGGCATGACGGTGGGCCACATTGGGAGGAGGTGTCAGCTCAGTTCTGGAAATGCTGAATGGGGCATGACAGTGGGCCACATTGGGAGGAGGTGTC,CAG
3704,rs774513913,51225809,C,T,CD33|71,- : 51225784 - 51225844,2.6,11.9,39.4,37.4,12.1,38.2,39.1,CTAGAGTGCCAGGGATGAGGATTTTGGGCCTGTGGGTCAAGTCTAGTGAGGAGAAAGAGGCTAGAGTGCCAGGGATGAGGATTTTGGGCCTGTGGATCAAGTCTAGTGAGGAGAAAGAGG,GGA
3713,rs774606283,51239558,C,T,CD33|199,- : 51239533 - 51239593,2.4,15.6,42.5,30.8,14.0,44.2,31.1,TCTCCACAGTAGGGGCGGCACCTGAACAGCTTGAGGTTTCAGTGGGGCCATGTAACTTGGTCTCCACAGTAGGGGCGGCACCTGAACAGCTTGAGATTTCAGTGGGGCCATGTAACTTGG,AGA
3724,rs774687296,51225313,C,T,CD33|21,- : 51225287 - 51225347,3.0,2.8,33.8,39.5,5.8,32.2,40.3,ACTGGGGAGTTCTTGTCGTAGTAGGGTATGGGATGGAAGAAAGTGCAGGGCACGAGGACGACTGGGGAGTTCTTGTCGTAGTAGGGTATGGGATAGAAGAAAGTGCAGGGCACGAGGACG,TAG
3732,rs774708369,51225898,G,A,CD33|91,+ : 51225863 - 51225923,15.6,59.0,75.8,15.4,43.8,69.0,18.2,CCTGACCTGCTCTGTGTCCTGGGCCTGTGAGCAGGGAACACCCCCGATCTTCTCCTGGTTCCTGACCTGCTCTGTGTCCTGGGCCTGTGAGCAGAGAACACCCCCGATCTTCTCCTGGTT,GAG
3734,rs774708369,51225898,G,A,CD33|90,+ : 51225862 - 51225922,2.8,4.0,47.7,32.4,6.4,49.3,29.6,ACCTGACCTGCTCTGTGTCCTGGGCCTGTGAGCAGGGAACACCCCCGATCTTCTCCTGGTACCTGACCTGCTCTGTGTCCTGGGCCTGTGAGCAGAGAACACCCCCGATCTTCTCCTGGT,AGA
3822,rs775970572,51225514,G,T,CD33|61,+ : 51225478 - 51225538,14.7,19.9,46.6,28.0,5.2,43.1,27.3,ACTGCTCCCTGAGCATCGTAGACGCCAGGAGGAGGGATAATGGTTCATACTTCTTTCGGAACTGCTCCCTGAGCATCGTAGACGCCAGGAGGAGGTATAATGGTTCATACTTCTTTCGGA,GGT
3934,rs779592644,51225865,C,G,CD33|84,- : 51225839 - 51225899,4.2,6.6,38.4,35.8,10.7,36.4,36.3,CCCTGCTCACAGGCCCAGGACACAGAGCAGGTCAGGTTTTTGGAGTGGCCGGGTTCTAGACCCTGCTCACAGGCCCAGGACACAGAGCAGGTCACGTTTTTGGAGTGGCCGGGTTCTAGA,ACG
3949,rs779924950,51235621,C,T,CD33|158,- : 51235596 - 51235656,4.7,3.1,40.4,33.8,6.4,37.1,38.5,TAGGGTGGGTGTCATTCCTGCCCACTGCTGTCCTGGCTGCTTTCCTCCTGTGGGTCTTCATAGGGTGGGTGTCATTCCTGCCCACTGCTGTCCTGACTGCTTTCCTCCTGTGGGTCTTCA,TGA
3958,rs780137498,51226062,C,T,CD33|130,- : 51226036 - 51226096,19.6,57.8,67.5,15.6,38.3,53.6,24.7,TGGCCCAGCACTTACAGGTGACGTTGAGCTGGATGGTTCTCTCCGTAGTCACACCAGCTCTGGCCCAGCACTTACAGGTGACGTTGAGCTGGATAGTTCTCTCCGTAGTCACACCAGCTC,TAG
3967,rs780479679,51225344,C,T,CD33|29,- : 51225318 - 51225378,3.0,2.2,36.6,35.4,4.6,36.0,36.4,AATGGCTCCTTCCCGGAACCAGTAACCATGAACTGGGGAGTTCTTGTCGTAGTAGGGTATAATGGCTCCTTCCCGGAACCAGTAACCATGAACTAGGGAGTTCTTGTCGTAGTAGGGTAT,TAG
3981,rs780507431,51235736,C,G,CD33|186,- : 51235711 - 51235771,10.3,14.0,38.0,31.3,13.7,48.3,26.1,CAGTTCTGGAAATGCTGAATGGGGCATGACGGTGGGCCACATTGGGAGGAGGTGTCTGCACAGTTCTGGAAATGCTGAATGGGGCATGACGGTGGCCCACATTGGGAGGAGGTGTCTGCA,GGC
3991,rs781090823,51225547,G,A,CD33|65,+ : 51225512 - 51225572,17.9,46.4,67.8,18.8,28.5,60.3,22.6,GGATAATGGTTCATACTTCTTTCGGATGGAGAGAGGAAGTACCAAATACAGTTACAAATCGGATAATGGTTCATACTTCTTTCGGATGGAGAGAAGAAGTACCAAATACAGTTACAAATC,AAG
4056,rs867352324,51239581,C,T,CD33|204,- : 51239555 - 51239615,21.2,66.1,79.1,11.7,46.3,68.2,17.2,GCATAATGCAGCTCCTCATCCATCTCCACAGTAGGGGCGGCACCTGAACAGCTTGAGGTTGCATAATGCAGCTCCTCATCCATCTCCACAGTAGAGGCGGCACCTGAACAGCTTGAGGTT,GAG
4059,rs867352324,51239581,C,T,CD33|205,- : 51239556 - 51239616,7.2,9.3,51.4,23.7,16.5,55.1,22.8,AGCATAATGCAGCTCCTCATCCATCTCCACAGTAGGGGCGGCACCTGAACAGCTTGAGGTAGCATAATGCAGCTCCTCATCCATCTCCACAGTAGAGGCGGCACCTGAACAGCTTGAGGT,AGA
4068,rs868629031,51235639,G,A,CD33|161,+ : 51235604 - 51235664,5.2,1.7,19.3,68.6,3.5,22.7,63.4,CACAGGAGGAAAGCAGCCAGGACAGCAGTGGGCAGGAATGACACCCACCCTACCACAGGGCACAGGAGGAAAGCAGCCAGGACAGCAGTGGGCAAGAATGACACCCACCCTACCACAGGG,AAG
4094,rs902752109,51235673,C,T,CD33|171,- : 51235647 - 51235707,9.4,26.7,51.1,27.3,17.6,42.3,30.5,AGACTGGATGCCAGGATGCCCCATCACTCACCGGGGAGGCTGACCCTGTGGTAGGGTGGGAGACTGGATGCCAGGATGCCCCATCACTCACCGGAGAGGCTGACCCTGTGGTAGGGTGGG,GAG
4096,rs902752109,51235673,C,T,CD33|172,- : 51235648 - 51235708,6.4,3.6,41.5,32.1,6.5,35.9,30.8,CAGACTGGATGCCAGGATGCCCCATCACTCACCGGGGAGGCTGACCCTGTGGTAGGGTGGCAGACTGGATGCCAGGATGCCCCATCACTCACCGGAGAGGCTGACCCTGTGGTAGGGTGG,GGA
4162,rs959973986,51225507,G,C,CD33|57,+ : 51225471 - 51225531,5.5,29.9,55.3,23.6,29.1,49.8,25.0,AGGAACAACTGCTCCCTGAGCATCGTAGACGCCAGGAGGAGGGATAATGGTTCATACTTCAGGAACAACTGCTCCCTGAGCATCGTAGACGCCAGCAGGAGGGATAATGGTTCATACTTC,AGC
4206,rs983715124,51226016,C,G,CD33|126,- : 51225991 - 51226051,16.7,49.2,64.6,21.4,32.6,54.1,28.9,TAGTCACACCAGCTCCAGCGAACTTCACCTGACAGGTCAGGTTGGTGCCGTGGTCCTGGGTAGTCACACCAGCTCCAGCGAACTTCACCTGACAGCTCAGGTTGGTGCCGTGGTCCTGGG,AGC
